Ship_Mode,Segment,Order ID,Order Date,Sales
First Class,Corporate,CA-2011-103317,05-07-2013,242.546
First Class,Consumer,CA-2011-103366,15-01-2013,149.95
First Class,Corporate,CA-2011-103989,19-03-2013,590.762
First Class,Corporate,CA-2011-106054,06-01-2013,12.78
First Class,Consumer,CA-2011-109043,15-08-2013,243.6
First Class,Corporate,CA-2011-111934,05-05-2013,47.32
First Class,Consumer,CA-2011-113166,24-12-2013,9.568
First Class,Consumer,CA-2011-124023,07-04-2013,8.96
First Class,Corporate,CA-2011-124688,27-08-2013,1812.01
First Class,Corporate,CA-2011-125682,22-11-2013,9.96
First Class,Consumer,CA-2011-130155,19-05-2013,34.2
First Class,Corporate,CA-2011-131905,06-02-2013,321.56
First Class,Home Office,CA-2011-132010,13-10-2013,389.74
First Class,Home Office,CA-2011-136567,20-12-2013,2884.37
First Class,Consumer,CA-2011-136861,05-09-2013,31.984
First Class,Home Office,CA-2011-140165,13-05-2013,405.456
First Class,Consumer,CA-2011-153927,12-08-2013,286.65
First Class,Consumer,CA-2011-157784,05-07-2013,514.03
First Class,Consumer,CA-2011-160094,30-04-2013,1000.95
First Class,Corporate,CA-2011-163293,08-09-2013,116.85
First Class,Consumer,CA-2011-164749,23-03-2013,9.912
First Class,Consumer,CA-2011-166730,30-12-2013,39.128
First Class,Corporate,CA-2011-169684,20-10-2013,426.942
First Class,Consumer,CA-2012-102722,18-04-2014,106.5
First Class,Consumer,CA-2012-102778,21-11-2014,18.176
First Class,Corporate,CA-2012-104038,06-02-2014,176.63
First Class,Consumer,CA-2012-117828,23-12-2014,194.32
First Class,Corporate,CA-2012-121720,11-06-2014,3165.744
First Class,Consumer,CA-2012-130218,23-03-2014,59.48
First Class,Consumer,CA-2012-132318,30-10-2014,182.91
First Class,Corporate,CA-2012-133396,13-08-2014,64.68
First Class,Consumer,CA-2012-137974,16-04-2014,2298.9
First Class,Consumer,CA-2012-138625,02-11-2014,197.72
First Class,Corporate,CA-2012-140718,02-07-2014,246.364
First Class,Consumer,CA-2012-141327,30-11-2014,440.144
First Class,Consumer,CA-2012-149300,22-11-2014,32.985
First Class,Consumer,CA-2012-150560,11-12-2014,196.62
First Class,Corporate,CA-2012-154746,14-11-2014,860.07
First Class,Corporate,CA-2012-156734,18-06-2014,670.001
First Class,Corporate,CA-2012-158323,30-11-2014,17.088
First Class,Consumer,CA-2012-165414,21-12-2014,47.976
First Class,Consumer,CA-2013-102092,10-12-2015,1056.86
First Class,Consumer,CA-2013-102498,25-07-2015,73.2
First Class,Consumer,CA-2013-110492,12-02-2015,1366.04
First Class,Corporate,CA-2013-112676,06-05-2015,14.352
First Class,Consumer,CA-2013-119515,15-08-2015,15.552
First Class,Consumer,CA-2013-119823,05-06-2015,75.88
First Class,Consumer,CA-2013-124772,06-12-2015,191.82
First Class,Consumer,CA-2013-125843,14-08-2015,125.92
First Class,Corporate,CA-2013-127208,13-06-2015,224.9
First Class,Consumer,CA-2013-130442,17-12-2015,34.944
First Class,Corporate,CA-2013-133711,27-11-2015,3236.41
First Class,Consumer,CA-2013-133872,15-06-2015,58.4
First Class,Consumer,CA-2013-145247,06-05-2015,79.14
First Class,Consumer,CA-2013-145499,31-05-2015,3.282
First Class,Consumer,CA-2013-147368,10-06-2015,695.7
First Class,Home Office,CA-2013-149454,26-07-2015,10.44
First Class,Corporate,CA-2013-153318,26-10-2015,783.96
First Class,Consumer,CA-2013-157280,06-11-2015,1120.73
First Class,Consumer,CA-2013-157364,20-11-2015,18.48
First Class,Home Office,CA-2013-159142,05-04-2015,177.78
First Class,Corporate,CA-2013-160598,27-08-2015,31.008
First Class,Home Office,CA-2013-162159,17-09-2015,121.78
First Class,Corporate,CA-2013-162901,29-03-2015,31.4
First Class,Consumer,CA-2013-164784,02-05-2015,377.346
First Class,Consumer,CA-2014-103212,13-10-2016,1541.51
First Class,Consumer,CA-2014-105620,25-12-2016,141.0
First Class,Consumer,CA-2014-108287,18-12-2016,12.672
First Class,Consumer,CA-2014-109589,21-12-2016,71.0
First Class,Consumer,CA-2014-110198,01-05-2016,318.96
First Class,Consumer,CA-2014-112774,11-09-2016,34.504
First Class,Corporate,CA-2014-113481,03-01-2016,740.214
First Class,Consumer,CA-2014-115448,11-11-2016,88.92
First Class,Corporate,CA-2014-115882,14-09-2016,1017.136
First Class,Corporate,CA-2014-117695,05-08-2016,13.76
First Class,Consumer,CA-2014-121314,23-09-2016,251.64
First Class,Home Office,CA-2014-121419,02-04-2016,771.8
First Class,Consumer,CA-2014-121818,20-11-2016,52.696
First Class,Consumer,CA-2014-122154,09-04-2016,284.19
First Class,Corporate,CA-2014-122707,16-04-2016,503.22
First Class,Consumer,CA-2014-122994,07-02-2016,359.97
First Class,Corporate,CA-2014-123687,26-05-2016,234.2
First Class,Corporate,CA-2014-124828,03-07-2016,9.552
First Class,Consumer,CA-2014-125472,30-05-2016,253.86
First Class,Consumer,CA-2014-126774,15-04-2016,4.89
First Class,Corporate,CA-2014-129028,01-04-2016,127.95
First Class,Home Office,CA-2014-132213,25-04-2016,109.968
First Class,Consumer,CA-2014-133235,01-08-2016,271.96
First Class,Corporate,CA-2014-134810,09-05-2016,272.232
First Class,Consumer,CA-2014-138779,15-01-2016,29.664
First Class,Consumer,CA-2014-143756,02-12-2016,701.96
First Class,Home Office,CA-2014-144456,08-09-2016,220.056
First Class,Corporate,CA-2014-147760,04-11-2016,1883.724
First Class,Consumer,CA-2014-151218,20-06-2016,4.464
First Class,Home Office,CA-2014-155292,30-10-2016,204.98
First Class,Corporate,CA-2014-155698,08-03-2016,668.54
First Class,Consumer,CA-2014-156769,06-05-2016,54.66
First Class,Consumer,CA-2014-158729,19-12-2016,1665.62
First Class,Consumer,CA-2014-158967,10-12-2016,19.104
First Class,Corporate,CA-2014-159464,18-05-2016,524.85
First Class,Consumer,CA-2014-161053,22-09-2016,726.91
First Class,Corporate,CA-2014-161851,15-04-2016,15.57
First Class,Consumer,CA-2014-162635,09-10-2016,10.816
First Class,Consumer,CA-2014-163335,24-09-2016,79.0
First Class,Consumer,US-2011-130358,23-06-2013,23.12
First Class,Consumer,US-2012-106495,15-06-2014,11.672
First Class,Corporate,US-2012-131842,05-12-2014,97.424
First Class,Corporate,US-2013-101616,04-09-2015,87.28
First Class,Consumer,US-2013-106600,09-04-2015,354.9
First Class,Consumer,US-2013-113649,10-08-2015,645.136
First Class,Consumer,US-2013-116400,23-10-2015,39.92
First Class,Consumer,US-2013-119298,26-11-2015,59.98
First Class,Consumer,US-2013-131891,30-07-2015,2.214
First Class,Corporate,US-2013-140809,01-02-2015,56.45
First Class,Corporate,US-2013-153815,07-11-2015,368.432
First Class,Home Office,US-2013-158309,27-11-2015,3.744
First Class,Consumer,US-2013-162677,27-03-2015,187.616
First Class,Consumer,US-2013-167472,07-06-2015,678.87
First Class,Consumer,US-2014-108063,02-12-2016,34.65
First Class,Corporate,US-2014-128951,15-07-2016,1065.84
First Class,Consumer,US-2014-133781,22-06-2016,37.608
First Class,Consumer,US-2014-148831,13-10-2016,348.56
First Class,Corporate,US-2014-162208,27-08-2016,2.896
First Class,Home Office,US-2014-162558,02-10-2016,2437.672
First Class,Corporate,Grand Total,0,49332.566
Same Day,0,CA-2011-113047,24-10-2013,11.85
Same Day,0,CA-2011-116239,04-03-2013,354.9
Same Day,0,CA-2011-130428,31-03-2013,1142.165
Same Day,0,CA-2011-131541,28-07-2013,193.152
Same Day,0,CA-2011-142951,08-10-2013,23.472
Same Day,0,CA-2011-152254,30-06-2013,310.688
Same Day,0,CA-2011-158771,09-05-2013,158.71
Same Day,0,CA-2011-165806,07-04-2013,259.29
Same Day,0,CA-2012-100769,16-05-2014,255.968
Same Day,0,CA-2012-117884,22-03-2014,598.352
Same Day,0,CA-2012-136224,31-05-2014,10.272
Same Day,0,CA-2012-155068,23-10-2014,78.456
Same Day,0,CA-2013-101378,15-07-2015,29.0
Same Day,0,CA-2013-105256,21-05-2015,1363.96
Same Day,0,CA-2013-106894,07-02-2015,107.83
Same Day,0,CA-2013-127698,02-12-2015,863.928
Same Day,0,CA-2013-130820,16-11-2015,630.024
Same Day,0,CA-2013-136126,25-05-2015,261.1
Same Day,0,CA-2013-143308,05-11-2015,10.74
Same Day,0,CA-2013-144344,29-10-2015,314.393
Same Day,0,CA-2013-152163,02-07-2015,85.5
Same Day,0,CA-2013-152471,09-07-2015,839.944
Same Day,0,CA-2013-159653,23-05-2015,14.73
Same Day,0,CA-2014-103065,20-10-2016,59.824
Same Day,0,CA-2014-122987,16-08-2016,80.564
Same Day,0,CA-2014-133095,04-06-2016,117.62
Same Day,0,CA-2014-144498,06-05-2016,817.829
Same Day,0,CA-2014-149146,12-10-2016,7.968
Same Day,0,CA-2014-158883,02-06-2016,25.344
Same Day,0,CA-2014-161046,05-03-2016,839.25
Same Day,0,US-2011-114377,05-11-2013,149.9
Same Day,0,US-2012-130519,15-09-2014,111.904
Same Day,0,US-2013-108504,05-02-2015,2075.51
Same Day,0,US-2013-134761,01-12-2015,36.192
Same Day,0,US-2013-148803,12-12-2015,85.224
Same Day,0,US-2013-156692,14-08-2015,89.32
Same Day,0,US-2014-120607,19-05-2016,195.64
Same Day,0,US-2014-152492,06-07-2016,239.24
Same Day,0,US-2014-168116,04-11-2016,8167.42
Same Day,0,Grand Total,0,21017.173000000003
Second day,0,CA-2011-100706,16-12-2013,129.44
Second day,0,CA-2011-101266,27-08-2013,13.36
Second day,0,CA-2011-101560,28-11-2013,542.34
Second day,0,CA-2011-102988,05-04-2013,4251.92
Second day,0,CA-2011-109232,13-01-2013,545.94
Second day,0,CA-2011-110408,18-10-2013,2216.8
Second day,0,CA-2011-110422,21-01-2013,25.248
Second day,0,CA-2011-114790,11-03-2013,782.63
Second day,0,CA-2011-115357,06-08-2013,62.91
Second day,0,CA-2011-120432,24-08-2013,25.5
Second day,0,CA-2011-120768,19-12-2013,1979.89
Second day,0,CA-2011-121286,04-11-2013,66.616
Second day,0,CA-2011-123925,17-12-2013,40.05
Second day,0,CA-2011-124618,02-05-2013,479.984
Second day,0,CA-2011-127488,22-09-2013,4.608
Second day,0,CA-2011-129819,13-12-2013,12.39
Second day,0,CA-2011-130918,22-08-2013,7.632
Second day,0,CA-2011-132612,09-06-2013,1441.3
Second day,0,CA-2011-142727,29-04-2013,69.9
Second day,0,CA-2011-145576,14-09-2013,26.128
Second day,0,CA-2011-153913,16-12-2013,1015.816
Second day,0,CA-2011-154158,23-12-2013,619.848
Second day,0,CA-2011-155852,03-03-2013,19.456
Second day,0,CA-2011-156006,30-04-2013,47.79
Second day,0,CA-2011-156790,08-08-2013,155.456
Second day,0,CA-2011-157609,16-03-2013,471.92
Second day,0,CA-2011-158274,19-11-2013,682.91
Second day,0,CA-2011-158470,19-04-2013,129.33
Second day,0,CA-2011-162775,13-01-2013,1287.26
Second day,0,CA-2011-164910,12-11-2013,7.872
Second day,0,CA-2011-166457,05-05-2013,40.54
Second day,0,CA-2011-169775,29-08-2013,709.0425
Second day,0,CA-2012-109386,08-11-2014,750.93
Second day,0,CA-2012-109470,31-12-2014,596.48
Second day,0,CA-2012-109708,25-05-2014,467.04
Second day,0,CA-2012-110345,09-03-2014,4.608
Second day,0,CA-2012-115847,19-09-2014,61.96
Second day,0,CA-2012-116638,28-01-2014,4297.644
Second day,0,CA-2012-116750,05-07-2014,12.158
Second day,0,CA-2012-119592,14-12-2014,3.76
Second day,0,CA-2012-128027,14-09-2014,269.49
Second day,0,CA-2012-133977,06-09-2014,3.444
Second day,0,CA-2012-134257,16-03-2014,498.93
Second day,0,CA-2012-134992,22-09-2014,80.38
Second day,0,CA-2012-140830,30-11-2014,89.36
Second day,0,CA-2012-142202,18-09-2014,717.12
Second day,0,CA-2012-150749,29-03-2014,5.56
Second day,0,CA-2012-153325,01-03-2014,58.72
Second day,0,CA-2012-153549,29-03-2014,1166.92
Second day,0,CA-2012-153752,06-12-2014,173.94
Second day,0,CA-2012-155600,04-12-2014,1635.018
Second day,0,CA-2012-161445,07-09-2014,140.736
Second day,0,CA-2012-163237,07-08-2014,520.03
Second day,0,CA-2012-166604,15-05-2014,17.94
Second day,0,CA-2012-168004,04-10-2014,392.94
Second day,0,CA-2012-169677,13-01-2014,9.82
Second day,0,CA-2012-169733,22-10-2014,9.952
Second day,0,CA-2013-101525,02-05-2015,140.52
Second day,0,CA-2013-109344,08-02-2015,1127.976
Second day,0,CA-2013-109407,24-01-2015,31.36
Second day,0,CA-2013-109722,06-12-2015,1284.8
Second day,0,CA-2013-112697,19-12-2015,1410.066
Second day,0,CA-2013-113236,27-05-2015,232.624
Second day,0,CA-2013-113292,19-03-2015,871.8
Second day,0,CA-2013-116918,02-10-2015,36.364
Second day,0,CA-2013-120873,28-10-2015,290.98
Second day,0,CA-2013-122518,05-03-2015,10.08
Second day,0,CA-2013-123176,28-09-2015,31.83
Second day,0,CA-2013-127985,02-04-2015,7.04
Second day,0,CA-2013-131065,15-11-2015,513.52
Second day,0,CA-2013-134474,05-01-2015,255.904
Second day,0,CA-2013-136231,06-09-2015,228.586
Second day,0,CA-2013-137043,24-12-2015,859.14
Second day,0,CA-2013-140543,30-06-2015,191.88
Second day,0,CA-2013-140977,17-06-2015,91.475
Second day,0,CA-2013-141180,16-05-2015,7.764
Second day,0,CA-2013-143805,02-12-2015,2145.25
Second day,0,CA-2013-149111,18-04-2015,55.416
Second day,0,CA-2013-149783,05-09-2015,131.104
Second day,0,CA-2013-149979,24-09-2015,487.22
Second day,0,CA-2013-152156,09-11-2015,993.9
Second day,0,CA-2013-154690,16-08-2015,225.296
Second day,0,CA-2013-155670,14-08-2015,21.504
Second day,0,CA-2013-157161,17-07-2015,199.18
Second day,0,CA-2013-158841,02-02-2015,8805.04
Second day,0,CA-2013-159765,10-05-2015,27.86
Second day,0,CA-2013-162236,05-11-2015,1106.924
Second day,0,CA-2013-162355,01-07-2015,1302.83
Second day,0,CA-2013-162747,21-03-2015,86.45
Second day,0,CA-2013-163167,29-11-2015,2673.69
Second day,0,CA-2013-164350,11-09-2015,67.56
Second day,0,CA-2013-164735,15-04-2015,81.2
Second day,0,CA-2013-168753,30-05-2015,1002.7
Second day,0,CA-2013-168893,04-11-2015,903.77
Second day,0,CA-2013-169334,22-10-2015,111.672
Second day,0,CA-2014-101210,25-08-2016,13.152
Second day,0,CA-2014-101273,27-08-2016,14.336
Second day,0,CA-2014-101483,29-07-2016,61.216
Second day,0,CA-2014-102309,23-09-2016,212.91
Second day,0,CA-2014-103009,03-11-2016,26.4
Second day,0,CA-2014-104864,18-11-2016,552.856
Second day,0,CA-2014-107209,27-07-2016,194.848
Second day,0,CA-2014-107461,21-12-2016,23.88
Second day,0,CA-2014-113705,27-03-2016,874.8
Second day,0,CA-2014-114055,25-12-2016,819.28
Second day,0,CA-2014-115070,10-04-2016,16.739
Second day,0,CA-2014-116113,02-10-2016,10.16
Second day,0,CA-2014-122693,20-02-2016,1245.86
Second day,0,CA-2014-123239,27-07-2016,91.032
Second day,0,CA-2014-127726,11-09-2016,209.88
Second day,0,CA-2014-128300,24-11-2016,406.94
Second day,0,CA-2014-128629,10-07-2016,18.84
Second day,0,CA-2014-128699,03-12-2016,47.992
Second day,0,CA-2014-129021,23-08-2016,4590.344
Second day,0,CA-2014-129462,16-06-2016,740.59
Second day,0,CA-2014-130834,03-11-2016,16.272
Second day,0,CA-2014-133263,31-03-2016,3098.61
Second day,0,CA-2014-134495,01-04-2016,269.4
Second day,0,CA-2014-134649,27-01-2016,22.63
Second day,0,CA-2014-139353,28-10-2016,273.088
Second day,0,CA-2014-140088,28-05-2016,301.96
Second day,0,CA-2014-141446,16-09-2016,18.0
Second day,0,CA-2014-142671,10-11-2016,11.52
Second day,0,CA-2014-143567,02-11-2016,3291.07
Second day,0,CA-2014-144694,24-09-2016,253.824
Second day,0,CA-2014-145310,22-12-2016,7.824
Second day,0,CA-2014-145702,19-05-2016,342.24
Second day,0,CA-2014-146458,19-11-2016,22.96
Second day,0,CA-2014-148922,10-12-2016,684.78
Second day,0,CA-2014-153339,03-11-2016,15.992
Second day,0,CA-2014-153654,24-11-2016,19.008
Second day,0,CA-2014-155159,25-11-2016,48.87
Second day,0,CA-2014-155705,21-08-2016,866.4
Second day,0,CA-2014-157931,17-09-2016,830.24
Second day,0,CA-2014-158561,11-11-2016,1158.12
Second day,0,CA-2014-160458,27-05-2016,25.92
Second day,0,CA-2014-160899,11-08-2016,477.51
Second day,0,CA-2014-161200,06-08-2016,161.14
Second day,0,CA-2014-163321,07-08-2016,79.992
Second day,0,CA-2014-163510,25-12-2016,400.39
Second day,0,CA-2014-165204,13-11-2016,728.968
Second day,0,CA-2014-167941,06-11-2016,831.368
Second day,0,US-2011-102715,11-04-2013,737.2
Second day,0,US-2011-117135,21-06-2013,425.67
Second day,0,US-2012-113327,26-05-2014,352.168
Second day,0,US-2012-136749,25-12-2014,433.78
Second day,0,US-2012-140851,13-07-2014,38.88
Second day,0,US-2012-149629,17-07-2014,231.92
Second day,0,US-2012-151435,06-09-2014,85.98
Second day,0,US-2013-120929,19-03-2015,189.882
Second day,0,US-2013-135209,30-12-2015,62.752
Second day,0,US-2013-138408,19-11-2015,1319.96
Second day,0,US-2013-142251,01-11-2015,32.064
Second day,0,US-2013-161844,10-12-2015,82.92
Second day,0,US-2013-168620,25-12-2015,823.61
Second day,0,US-2014-109610,25-11-2016,701.96
Second day,0,US-2014-135062,31-08-2016,229.544
Second day,0,US-2014-148768,30-11-2016,71.976
Second day,0,US-2014-153633,13-11-2016,2.064
Second day,0,US-2014-158526,29-12-2016,1814.68
Second day,0,US-2014-159205,31-03-2016,732.93
Second day,0,US-2014-162670,23-12-2016,1152.87
Second day,0,US-2014-163195,18-02-2016,29.16
Second day,0,US-2014-167920,09-12-2016,1827.51
Second day,0,Grand Total,0,93758.61250000002
Standard Class,0,CA-2011-100293,14-03-2013,91.056
Standard Class,0,CA-2011-100895,02-06-2013,605.47
Standard Class,0,CA-2011-100916,21-10-2013,788.86
Standard Class,0,CA-2011-101770,31-03-2013,1.869
Standard Class,0,CA-2011-102274,21-11-2013,865.5
Standard Class,0,CA-2011-102673,01-11-2013,1044.44
Standard Class,0,CA-2011-103807,02-12-2013,21.19
Standard Class,0,CA-2011-104283,27-06-2013,616.14
Standard Class,0,CA-2011-106810,14-05-2013,310.88
Standard Class,0,CA-2011-107573,12-12-2013,23.472
Standard Class,0,CA-2011-107811,29-04-2013,661.504
Standard Class,0,CA-2011-108707,24-10-2013,10.368
Standard Class,0,CA-2011-110100,25-04-2013,302.376
Standard Class,0,CA-2011-111500,17-08-2013,484.79
Standard Class,0,CA-2011-112718,16-12-2013,1.167
Standard Class,0,CA-2011-114314,11-10-2013,16.23
Standard Class,0,CA-2011-114321,20-08-2013,1417.35
Standard Class,0,CA-2011-114335,28-09-2013,337.088
Standard Class,0,CA-2011-115084,18-10-2013,605.34
Standard Class,0,CA-2011-116190,26-07-2013,256.48
Standard Class,0,CA-2011-116407,15-11-2013,362.176
Standard Class,0,CA-2011-116568,14-12-2013,186.304
Standard Class,0,CA-2011-117016,04-03-2013,15.552
Standard Class,0,CA-2011-117345,01-08-2013,202.896
Standard Class,0,CA-2011-117639,21-05-2013,3333.9
Standard Class,0,CA-2011-120670,02-11-2013,799.92
Standard Class,0,CA-2011-120950,06-11-2013,43.68
Standard Class,0,CA-2011-122217,24-11-2013,111.15
Standard Class,0,CA-2011-123400,02-02-2013,199.296
Standard Class,0,CA-2011-125136,28-09-2013,106.944
Standard Class,0,CA-2011-127299,19-09-2013,2692.329
Standard Class,0,CA-2011-127614,11-02-2013,1508.13
Standard Class,0,CA-2011-128839,08-09-2013,254.97
Standard Class,0,CA-2011-128846,07-04-2013,752.92
Standard Class,0,CA-2011-129091,22-11-2013,1022.61
Standard Class,0,CA-2011-131527,01-12-2013,95.968
Standard Class,0,CA-2011-133634,05-11-2013,47.79
Standard Class,0,CA-2011-134551,20-12-2013,732.312
Standard Class,0,CA-2011-134621,21-12-2013,18.24
Standard Class,0,CA-2011-136336,21-04-2013,828.84
Standard Class,0,CA-2011-137911,09-10-2013,88.768
Standard Class,0,CA-2011-138296,05-12-2013,24.56
Standard Class,0,CA-2011-138527,12-09-2013,192.424
Standard Class,0,CA-2011-138709,04-07-2013,37.44
Standard Class,0,CA-2011-140886,30-09-2013,69.216
Standard Class,0,CA-2011-143182,15-10-2013,15.384
Standard Class,0,CA-2011-143840,22-05-2013,180.93
Standard Class,0,CA-2011-145317,18-03-2013,23661.228
Standard Class,0,CA-2011-146731,03-11-2013,147.344
Standard Class,0,CA-2011-146885,30-05-2013,13.62
Standard Class,0,CA-2011-148285,27-10-2013,22.32
Standard Class,0,CA-2011-148425,30-11-2013,6.642
Standard Class,0,CA-2011-149020,10-01-2013,54.83
Standard Class,0,CA-2011-149538,04-04-2013,364.93
Standard Class,0,CA-2011-149958,15-03-2013,370.782
Standard Class,0,CA-2011-151953,20-09-2013,2.816
Standard Class,0,CA-2011-151967,22-10-2013,129.92
Standard Class,0,CA-2011-152268,02-09-2013,1793.98
Standard Class,0,CA-2011-152562,01-11-2013,75.16
Standard Class,0,CA-2011-152849,05-07-2013,4.368
Standard Class,0,CA-2011-153087,27-12-2013,521.92
Standard Class,0,CA-2011-155208,16-04-2013,39.072
Standard Class,0,CA-2011-155390,06-12-2013,42.208
Standard Class,0,CA-2011-156244,12-08-2013,457.744
Standard Class,0,CA-2011-159184,14-09-2013,149.56
Standard Class,0,CA-2011-159681,07-12-2013,105.52
Standard Class,0,CA-2011-160276,02-04-2013,177.68
Standard Class,0,CA-2011-160773,01-07-2013,581.104
Standard Class,0,CA-2011-161634,14-11-2013,32.4
Standard Class,0,CA-2011-163013,28-11-2013,14.67
Standard Class,0,CA-2011-163223,21-03-2013,3769.56
Standard Class,0,CA-2011-164315,02-04-2013,1220.67
Standard Class,0,CA-2011-165764,03-11-2013,1395.673
Standard Class,0,CA-2011-166051,31-05-2013,773.7
Standard Class,0,CA-2011-167199,06-01-2013,4374.88
Standard Class,0,CA-2011-167850,09-08-2013,193.936
Standard Class,0,CA-2011-169257,06-06-2013,63.381
Standard Class,0,CA-2012-100888,06-04-2014,47.952
Standard Class,0,CA-2012-101868,09-06-2014,175.32
Standard Class,0,CA-2012-102260,22-09-2014,763.508
Standard Class,0,CA-2012-102491,24-08-2014,3747.93
Standard Class,0,CA-2012-102582,15-09-2014,1918.79
Standard Class,0,CA-2012-103093,03-02-2014,74.52
Standard Class,0,CA-2012-103135,24-07-2014,525.95
Standard Class,0,CA-2012-103772,28-06-2014,260.31
Standard Class,0,CA-2012-103793,26-03-2014,74.352
Standard Class,0,CA-2012-103870,27-12-2014,284.44
Standard Class,0,CA-2012-104115,12-06-2014,55.984
Standard Class,0,CA-2012-104241,04-01-2014,192.22
Standard Class,0,CA-2012-104941,13-06-2014,976.29
Standard Class,0,CA-2012-105571,07-11-2014,1361.631
Standard Class,0,CA-2012-106187,23-06-2014,268.4
Standard Class,0,CA-2012-107678,21-04-2014,893.09
Standard Class,0,CA-2012-108119,01-11-2014,301.96
Standard Class,0,CA-2012-108259,08-11-2014,81.135
Standard Class,0,CA-2012-110247,04-12-2014,8.226
Standard Class,0,CA-2012-110947,09-06-2014,113.1
Standard Class,0,CA-2012-111199,13-11-2014,115.296
Standard Class,0,CA-2012-111703,02-07-2014,27.504
Standard Class,0,CA-2012-112375,21-12-2014,78.192
Standard Class,0,CA-2012-113628,12-11-2014,792.508
Standard Class,0,CA-2012-114300,13-10-2014,371.66
Standard Class,0,CA-2012-114503,13-11-2014,84.96
Standard Class,0,CA-2012-115091,05-10-2014,75.04
Standard Class,0,CA-2012-115938,26-06-2014,535.36
Standard Class,0,CA-2012-118444,05-11-2014,387.136
Standard Class,0,CA-2012-118843,13-09-2014,199.86
Standard Class,0,CA-2012-119480,09-01-2014,364.07
Standard Class,0,CA-2012-119634,11-08-2014,46.152
Standard Class,0,CA-2012-120516,13-08-2014,5.64
Standard Class,0,CA-2012-120621,21-03-2014,1270.379
Standard Class,0,CA-2012-120845,25-09-2014,22.549
Standard Class,0,CA-2012-121552,22-03-2014,19.56
Standard Class,0,CA-2012-122168,21-08-2014,53.28
Standard Class,0,CA-2012-122266,26-04-2014,194.1395
Standard Class,0,CA-2012-123092,03-12-2014,288.85
Standard Class,0,CA-2012-123330,21-06-2014,107.976
Standard Class,0,CA-2012-125066,14-12-2014,62.46
Standard Class,0,CA-2012-125563,11-04-2014,121.888
Standard Class,0,CA-2012-125696,02-10-2014,7.38
Standard Class,0,CA-2012-125976,27-09-2014,2026.78
Standard Class,0,CA-2012-128083,12-03-2014,45.976
Standard Class,0,CA-2012-128139,03-07-2014,365.91
Standard Class,0,CA-2012-128958,24-01-2014,13.12
Standard Class,0,CA-2012-129098,09-10-2014,30.84
Standard Class,0,CA-2012-131422,05-11-2014,207.0
Standard Class,0,CA-2012-133242,18-06-2014,1046.47
Standard Class,0,CA-2012-134719,10-10-2014,1801.632
Standard Class,0,CA-2012-134782,27-12-2014,105.42
Standard Class,0,CA-2012-134894,07-12-2014,436.86
Standard Class,0,CA-2012-135510,05-09-2014,67.96
Standard Class,0,CA-2012-136147,13-11-2014,233.064
Standard Class,0,CA-2012-137106,31-03-2014,79.96
Standard Class,0,CA-2012-137281,13-06-2014,6.48
Standard Class,0,CA-2012-138457,13-09-2014,13.092
Standard Class,0,CA-2012-141145,17-09-2014,87.168
Standard Class,0,CA-2012-141565,20-09-2014,1664.132
Standard Class,0,CA-2012-141754,20-12-2014,11.696
Standard Class,0,CA-2012-142755,04-09-2014,919.49
Standard Class,0,CA-2012-143119,24-09-2014,517.5
Standard Class,0,CA-2012-143532,19-03-2014,14.496
Standard Class,0,CA-2012-144288,25-12-2014,19.584
Standard Class,0,CA-2012-145324,15-11-2014,39.96
Standard Class,0,CA-2012-145352,16-03-2014,6412.77
Standard Class,0,CA-2012-147011,18-06-2014,13.632
Standard Class,0,CA-2012-147102,19-09-2014,66.36
Standard Class,0,CA-2012-147529,07-02-2014,324.11
Standard Class,0,CA-2012-147879,07-05-2014,45.68
Standard Class,0,CA-2012-148705,12-03-2014,5.04
Standard Class,0,CA-2012-149342,20-04-2014,896.31
Standard Class,0,CA-2012-149734,03-09-2014,200.984
Standard Class,0,CA-2012-150308,15-12-2014,246.168
Standard Class,0,CA-2012-151547,17-01-2014,88.96
Standard Class,0,CA-2012-151624,08-09-2014,21.36
Standard Class,0,CA-2012-153038,18-12-2014,94.688
Standard Class,0,CA-2012-153535,20-05-2014,169.544
Standard Class,0,CA-2012-153626,09-07-2014,5.16
Standard Class,0,CA-2012-154291,25-07-2014,457.04
Standard Class,0,CA-2012-154921,23-05-2014,186.69
Standard Class,0,CA-2012-155453,09-08-2014,4.608
Standard Class,0,CA-2012-155635,09-05-2014,48.81
Standard Class,0,CA-2012-156328,30-11-2014,177.48
Standard Class,0,CA-2012-158148,20-12-2014,36.27
Standard Class,0,CA-2012-158421,21-09-2014,3631.96
Standard Class,0,CA-2012-160059,27-11-2014,6.24
Standard Class,0,CA-2012-160696,06-09-2014,7.24
Standard Class,0,CA-2012-161998,01-05-2014,277.632
Standard Class,0,CA-2012-162201,08-06-2014,937.608
Standard Class,0,CA-2012-162537,28-10-2014,104.51
Standard Class,0,CA-2012-162761,09-10-2014,50.462
Standard Class,0,CA-2012-163923,30-05-2014,151.96
Standard Class,0,CA-2012-163965,20-11-2014,377.902
Standard Class,0,CA-2012-164427,31-07-2014,239.7
Standard Class,0,CA-2012-165624,23-08-2014,1142.43
Standard Class,0,CA-2012-166975,26-11-2014,692.472
Standard Class,0,CA-2012-167696,16-09-2014,31.12
Standard Class,0,CA-2012-168459,22-11-2014,58.05
Standard Class,0,CA-2012-169572,06-09-2014,46.62
Standard Class,0,CA-2012-169740,20-02-2014,29.99
Standard Class,0,CA-2013-100307,16-12-2015,19.44
Standard Class,0,CA-2013-101469,03-07-2015,7.7
Standard Class,0,CA-2013-102162,12-09-2015,1611.01
Standard Class,0,CA-2013-104157,26-07-2015,2503.47
Standard Class,0,CA-2013-104276,28-11-2015,447.783
Standard Class,0,CA-2013-105662,06-05-2015,270.728
Standard Class,0,CA-2013-105753,21-10-2015,61.1
Standard Class,0,CA-2013-106558,17-01-2015,316.0
Standard Class,0,CA-2013-106950,03-09-2015,1854.241
Standard Class,0,CA-2013-108105,16-02-2015,323.88
Standard Class,0,CA-2013-108567,21-05-2015,2.694
Standard Class,0,CA-2013-108616,30-09-2015,298.83
Standard Class,0,CA-2013-109743,23-09-2015,104.712
Standard Class,0,CA-2013-109911,13-05-2015,10.96
Standard Class,0,CA-2013-110254,05-08-2015,158.81
Standard Class,0,CA-2013-111409,19-09-2015,3.0
Standard Class,0,CA-2013-111605,28-12-2015,2.61
Standard Class,0,CA-2013-112102,13-04-2015,448.81
Standard Class,0,CA-2013-112277,11-09-2015,519.68
Standard Class,0,CA-2013-113733,09-12-2015,334.256
Standard Class,0,CA-2013-113747,29-05-2015,185.88
Standard Class,0,CA-2013-113831,31-05-2015,4317.3
Standard Class,0,CA-2013-113845,21-11-2015,574.056
Standard Class,0,CA-2013-114713,08-07-2015,45.584
Standard Class,0,CA-2013-115504,13-03-2015,12.96
Standard Class,0,CA-2013-116232,23-09-2015,24.066
Standard Class,0,CA-2013-116764,28-08-2015,9.216
Standard Class,0,CA-2013-117604,05-09-2015,239.5
Standard Class,0,CA-2013-118073,13-08-2015,562.2925
Standard Class,0,CA-2013-118178,20-03-2015,31.086
Standard Class,0,CA-2013-118514,03-02-2015,866.4
Standard Class,0,CA-2013-118626,16-08-2015,705.544
Standard Class,0,CA-2013-118934,10-08-2015,16.218
Standard Class,0,CA-2013-119074,28-03-2015,92.7
Standard Class,0,CA-2013-121020,25-10-2015,239.976
Standard Class,0,CA-2013-121958,14-11-2015,52.136
Standard Class,0,CA-2013-123414,22-08-2015,37.264
Standard Class,0,CA-2013-123533,25-11-2015,392.832
Standard Class,0,CA-2013-123617,29-11-2015,7.434
Standard Class,0,CA-2013-123946,13-09-2015,1159.06
Standard Class,0,CA-2013-124254,13-04-2015,191.808
Standard Class,0,CA-2013-125017,06-02-2015,132.224
Standard Class,0,CA-2013-130001,24-04-2015,36.24
Standard Class,0,CA-2013-131205,05-09-2015,291.74
Standard Class,0,CA-2013-131968,12-11-2015,681.432
Standard Class,0,CA-2013-132549,26-11-2015,73.36
Standard Class,0,CA-2013-133123,07-09-2015,99.156
Standard Class,0,CA-2013-133368,14-01-2015,405.344
Standard Class,0,CA-2013-134208,18-09-2015,396.0
Standard Class,0,CA-2013-134516,21-09-2015,115.48
Standard Class,0,CA-2013-134789,09-04-2015,215.84
Standard Class,0,CA-2013-135636,09-10-2015,387.72
Standard Class,0,CA-2013-136322,22-10-2015,74.32
Standard Class,0,CA-2013-136483,02-12-2015,4.704
Standard Class,0,CA-2013-137736,11-11-2015,41.86
Standard Class,0,CA-2013-138695,29-05-2015,452.464
Standard Class,0,CA-2013-139269,26-05-2015,1311.97
Standard Class,0,CA-2013-139381,19-04-2015,233.48
Standard Class,0,CA-2013-139689,30-12-2015,40.896
Standard Class,0,CA-2013-140571,16-03-2015,365.44
Standard Class,0,CA-2013-140641,29-10-2015,38.19
Standard Class,0,CA-2013-140928,19-09-2015,383.438
Standard Class,0,CA-2013-142097,16-10-2015,342.76
Standard Class,0,CA-2013-142370,20-09-2015,254.99
Standard Class,0,CA-2013-142895,22-07-2015,370.184
Standard Class,0,CA-2013-145709,05-10-2015,64.248
Standard Class,0,CA-2013-145905,19-09-2015,1264.14
Standard Class,0,CA-2013-146143,15-12-2015,133.38
Standard Class,0,CA-2013-146150,14-02-2015,264.18
Standard Class,0,CA-2013-146171,12-03-2015,558.24
Standard Class,0,CA-2013-148684,26-12-2015,870.04
Standard Class,0,CA-2013-150000,09-04-2015,17.92
Standard Class,0,CA-2013-151155,21-12-2015,34.34
Standard Class,0,CA-2013-154060,03-05-2015,187.056
Standard Class,0,CA-2013-154403,24-05-2015,4.98
Standard Class,0,CA-2013-155138,09-09-2015,99.872
Standard Class,0,CA-2013-155439,15-09-2015,25.92
Standard Class,0,CA-2013-156503,15-10-2015,305.248
Standard Class,0,CA-2013-156573,30-05-2015,60.485
Standard Class,0,CA-2013-157245,20-05-2015,641.96
Standard Class,0,CA-2013-157588,15-07-2015,88.15
Standard Class,0,CA-2013-157763,19-07-2015,140.81
Standard Class,0,CA-2013-159212,02-11-2015,273.59
Standard Class,0,CA-2013-159891,31-01-2015,1396.35
Standard Class,0,CA-2013-159989,10-12-2015,40.68
Standard Class,0,CA-2013-160234,27-06-2015,135.95
Standard Class,0,CA-2013-160486,31-12-2015,72.224
Standard Class,0,CA-2013-163174,27-08-2015,186.54
Standard Class,0,CA-2013-163776,20-07-2015,1110.5
Standard Class,0,CA-2013-164574,30-07-2015,732.156
Standard Class,0,CA-2013-165316,24-07-2015,324.387
Standard Class,0,CA-2013-165470,26-11-2015,5.08
Standard Class,0,CA-2013-165827,05-11-2015,50.496
Standard Class,0,CA-2013-166282,17-04-2015,158.256
Standard Class,0,CA-2013-166380,31-05-2015,138.53
Standard Class,0,CA-2013-166485,20-02-2015,16.496
Standard Class,0,CA-2013-168536,21-12-2015,66.3
Standard Class,0,CA-2013-169026,09-08-2015,23.34
Standard Class,0,CA-2013-169103,09-03-2015,1466.32
Standard Class,0,CA-2014-100412,22-12-2016,141.96
Standard Class,0,CA-2014-100426,04-06-2016,12.48
Standard Class,0,CA-2014-100622,03-11-2016,1030.742
Standard Class,0,CA-2014-100902,17-11-2016,699.4
Standard Class,0,CA-2014-101042,19-11-2016,843.84
Standard Class,0,CA-2014-102204,01-05-2016,3740.51
Standard Class,0,CA-2014-102554,11-06-2016,3.76
Standard Class,0,CA-2014-102610,04-11-2016,248.396
Standard Class,0,CA-2014-102736,05-09-2016,177.08
Standard Class,0,CA-2014-103499,20-11-2016,209.568
Standard Class,0,CA-2014-104318,13-05-2016,20.768
Standard Class,0,CA-2014-104731,21-07-2016,951.98
Standard Class,0,CA-2014-106537,12-08-2016,20.736
Standard Class,0,CA-2014-107167,10-06-2016,1347.52
Standard Class,0,CA-2014-108035,29-11-2016,491.888
Standard Class,0,CA-2014-108112,15-11-2016,559.2
Standard Class,0,CA-2014-108322,30-04-2016,26.056
Standard Class,0,CA-2014-109183,04-12-2016,649.0
Standard Class,0,CA-2014-110212,01-05-2016,48.9
Standard Class,0,CA-2014-110310,27-10-2016,68.967
Standard Class,0,CA-2014-110926,19-11-2016,25.06
Standard Class,0,CA-2014-113558,21-10-2016,729.648
Standard Class,0,CA-2014-114412,15-04-2016,15.552
Standard Class,0,CA-2014-114636,25-08-2016,192.16
Standard Class,0,CA-2014-116855,17-12-2016,504.9
Standard Class,0,CA-2014-116939,25-09-2016,177.55
Standard Class,0,CA-2014-117079,23-10-2016,863.88
Standard Class,0,CA-2014-117198,31-08-2016,659.9
Standard Class,0,CA-2014-118402,29-09-2016,243.92
Standard Class,0,CA-2014-119004,23-11-2016,105.408
Standard Class,0,CA-2014-119284,15-06-2016,2942.784
Standard Class,0,CA-2014-119305,30-11-2016,173.8
Standard Class,0,CA-2014-119669,25-01-2016,5.67
Standard Class,0,CA-2014-120705,05-09-2016,147.184
Standard Class,0,CA-2014-120894,28-04-2016,28.08
Standard Class,0,CA-2014-121804,03-03-2016,72.8
Standard Class,0,CA-2014-122056,13-06-2016,181.86
Standard Class,0,CA-2014-123351,21-09-2016,80.48
Standard Class,0,CA-2014-124296,24-12-2016,712.85
Standard Class,0,CA-2014-124597,30-04-2016,32.088
Standard Class,0,CA-2014-124765,25-11-2016,723.92
Standard Class,0,CA-2014-124898,11-09-2016,184.66
Standard Class,0,CA-2014-125745,30-06-2016,19.52
Standard Class,0,CA-2014-125752,31-07-2016,41.424
Standard Class,0,CA-2014-126046,03-11-2016,12.39
Standard Class,0,CA-2014-126354,04-02-2016,119.178
Standard Class,0,CA-2014-126382,03-06-2016,35.168
Standard Class,0,CA-2014-126914,15-06-2016,776.08
Standard Class,0,CA-2014-127306,15-01-2016,175.086
Standard Class,0,CA-2014-127516,28-12-2016,64.784
Standard Class,0,CA-2014-127803,19-05-2016,26.16
Standard Class,0,CA-2014-128363,13-08-2016,2382.926
Standard Class,0,CA-2014-128475,26-08-2016,71.98
Standard Class,0,CA-2014-128755,04-05-2016,629.86
Standard Class,0,CA-2014-128769,07-09-2016,81.568
Standard Class,0,CA-2014-129490,26-09-2016,419.136
Standard Class,0,CA-2014-129910,30-03-2016,59.76
Standard Class,0,CA-2014-130309,17-12-2016,544.38
Standard Class,0,CA-2014-130904,11-04-2016,22.744
Standard Class,0,CA-2014-132185,27-11-2016,52.344
Standard Class,0,CA-2014-133501,27-08-2016,5.184
Standard Class,0,CA-2014-133641,14-05-2016,48.69
Standard Class,0,CA-2014-133928,11-06-2016,4.572
Standard Class,0,CA-2014-134096,24-09-2016,399.53
Standard Class,0,CA-2014-135587,07-12-2016,372.64
Standard Class,0,CA-2014-136826,16-06-2016,14.016
Standard Class,0,CA-2014-137631,28-04-2016,751.984
Standard Class,0,CA-2014-138975,19-05-2016,2361.52
Standard Class,0,CA-2014-139493,13-09-2016,15.92
Standard Class,0,CA-2014-139619,19-09-2016,95.616
Standard Class,0,CA-2014-139787,19-09-2016,35.4
Standard Class,0,CA-2014-139948,17-07-2016,7.904
Standard Class,0,CA-2014-140627,23-12-2016,303.32
Standard Class,0,CA-2014-140872,03-06-2016,1111.698
Standard Class,0,CA-2014-141614,05-06-2016,20.736
Standard Class,0,CA-2014-142090,30-11-2016,2165.658
Standard Class,0,CA-2014-143861,12-06-2016,17.088
Standard Class,0,CA-2014-144365,24-10-2016,11.68
Standard Class,0,CA-2014-145275,02-04-2016,14.94
Standard Class,0,CA-2014-145737,15-09-2016,163.96
Standard Class,0,CA-2014-146136,03-09-2016,24.448
Standard Class,0,CA-2014-146192,22-04-2016,675.06
Standard Class,0,CA-2014-146535,24-11-2016,1446.84
Standard Class,0,CA-2014-146983,02-09-2016,1577.94
Standard Class,0,CA-2014-147228,09-09-2016,458.984
Standard Class,0,CA-2014-147333,14-12-2016,204.55
Standard Class,0,CA-2014-147361,09-09-2016,685.26
Standard Class,0,CA-2014-148166,21-10-2016,17.856
Standard Class,0,CA-2014-148404,07-10-2016,1027.21
Standard Class,0,CA-2014-148474,12-06-2016,544.14
Standard Class,0,CA-2014-148810,26-06-2016,287.424
Standard Class,0,CA-2014-148999,31-01-2016,419.136
Standard Class,0,CA-2014-149853,03-10-2016,33.472
Standard Class,0,CA-2014-150910,22-12-2016,1090.348
Standard Class,0,CA-2014-150931,07-01-2016,33.74
Standard Class,0,CA-2014-151211,17-08-2016,201.09
Standard Class,0,CA-2014-151855,27-05-2016,39.252
Standard Class,0,CA-2014-152786,12-03-2016,40.41
Standard Class,0,CA-2014-152968,26-05-2016,23.08
Standard Class,0,CA-2014-154088,12-11-2016,26.72
Standard Class,0,CA-2014-154123,20-11-2016,27.58
Standard Class,0,CA-2014-154816,06-11-2016,5.78
Standard Class,0,CA-2014-155089,02-12-2016,45.66
Standard Class,0,CA-2014-155824,10-03-2016,61.876
Standard Class,0,CA-2014-156272,21-03-2016,64.384
Standard Class,0,CA-2014-157854,08-04-2016,2747.25
Standard Class,0,CA-2014-158386,16-10-2016,124.75
Standard Class,0,CA-2014-158407,04-06-2016,103.968
Standard Class,0,CA-2014-158743,20-10-2016,199.17
Standard Class,0,CA-2014-159100,16-10-2016,1893.786
Standard Class,0,CA-2014-159135,04-11-2016,4.3
Standard Class,0,CA-2014-159667,09-11-2016,691.144
Standard Class,0,CA-2014-159954,10-09-2016,2.78
Standard Class,0,CA-2014-160017,28-09-2016,10.368
Standard Class,0,CA-2014-160423,22-01-2016,383.992
Standard Class,0,CA-2014-160724,05-05-2016,34.5
Standard Class,0,CA-2014-161088,25-05-2016,29.84
Standard Class,0,CA-2014-161130,03-11-2016,361.376
Standard Class,0,CA-2014-161592,06-04-2016,8.1
Standard Class,0,CA-2014-161970,22-09-2016,30.9
Standard Class,0,CA-2014-162033,26-03-2016,57.01
Standard Class,0,CA-2014-162173,26-10-2016,608.43
Standard Class,0,CA-2014-163629,17-11-2016,286.09
Standard Class,0,CA-2014-164756,18-09-2016,997.83
Standard Class,0,CA-2014-164917,02-12-2016,47.96
Standard Class,0,CA-2014-165029,26-11-2016,12.84
Standard Class,0,CA-2014-165687,17-11-2016,35.04
Standard Class,0,CA-2014-165715,02-12-2016,32.776
Standard Class,0,CA-2014-165904,07-04-2016,235.44
Standard Class,0,CA-2014-167871,18-11-2016,47.328
Standard Class,0,CA-2014-168102,24-04-2016,113.568
Standard Class,0,CA-2014-168389,11-12-2016,873.811
Standard Class,0,CA-2014-169005,02-11-2016,5.56
Standard Class,0,CA-2014-169012,10-07-2016,41.91
Standard Class,0,US-2011-107405,21-03-2013,16.272
Standard Class,0,US-2011-109162,08-06-2013,170.352
Standard Class,0,US-2011-115196,09-09-2013,1299.99
Standard Class,0,US-2011-117170,17-09-2013,52.608
Standard Class,0,US-2011-118997,08-04-2013,1215.92
Standard Class,0,US-2011-125521,14-03-2013,1139.92
Standard Class,0,US-2011-138835,10-09-2013,9.64
Standard Class,0,US-2011-143581,19-08-2013,344.91
Standard Class,0,US-2011-147627,20-01-2013,1859.4
Standard Class,0,US-2011-147774,20-01-2013,67.194
Standard Class,0,US-2011-150574,19-12-2013,252.612
Standard Class,0,US-2011-155502,26-01-2013,944.61
Standard Class,0,US-2011-155544,21-03-2013,310.528
Standard Class,0,US-2011-155817,03-10-2013,67.76
Standard Class,0,US-2011-156216,13-09-2013,18.648
Standard Class,0,US-2011-156559,19-08-2013,638.82
Standard Class,0,US-2011-157231,05-04-2013,115.36
Standard Class,0,US-2011-158057,22-03-2013,59.109
Standard Class,0,US-2011-164763,17-03-2013,103.5
Standard Class,0,US-2011-165659,01-06-2013,904.13
Standard Class,0,US-2011-167633,30-09-2013,15.552
Standard Class,0,US-2012-108966,11-10-2014,979.9455
Standard Class,0,US-2012-112508,24-03-2014,6.992
Standard Class,0,US-2012-120572,11-12-2014,12.828
Standard Class,0,US-2012-123960,11-06-2014,207.82
Standard Class,0,US-2012-129553,27-07-2014,29.97
Standard Class,0,US-2012-134026,26-04-2014,1001.76
Standard Class,0,US-2012-136476,05-04-2014,157.794
Standard Class,0,US-2012-145436,28-02-2014,551.264
Standard Class,0,US-2012-148817,01-12-2014,125.64
Standard Class,0,US-2012-158911,05-07-2014,16.712
Standard Class,0,US-2012-164357,25-11-2014,13.12
Standard Class,0,US-2012-168732,10-12-2014,129.64
Standard Class,0,US-2012-168935,27-11-2014,459.4335
Standard Class,0,US-2013-102232,06-08-2015,197.05
Standard Class,0,US-2013-108637,14-03-2015,334.2
Standard Class,0,US-2013-109260,27-09-2015,431.976
Standard Class,0,US-2013-121013,06-09-2015,1678.0
Standard Class,0,US-2013-123750,16-04-2015,895.06
Standard Class,0,US-2013-132857,12-12-2015,6.672
Standard Class,0,US-2013-135923,22-01-2015,530.272
Standard Class,0,US-2013-137295,08-01-2015,187.228
Standard Class,0,US-2013-139262,21-02-2015,471.078
Standard Class,0,US-2013-144393,29-10-2015,17.616
Standard Class,0,US-2013-146570,16-05-2015,612.14
Standard Class,0,US-2013-147991,06-05-2015,16.72
Standard Class,0,US-2013-148901,15-05-2015,191.018
Standard Class,0,US-2013-150357,11-10-2015,24.703
Standard Class,0,US-2013-150567,18-05-2015,29.97
Standard Class,0,US-2013-155404,23-09-2015,13.28
Standard Class,0,US-2013-159415,18-04-2015,79.12
Standard Class,0,US-2013-164588,17-04-2015,12.84
Standard Class,0,US-2013-164630,04-01-2015,959.968
Standard Class,0,US-2013-169369,13-12-2015,299.07
Standard Class,0,US-2014-100930,07-04-2016,1735.8505
Standard Class,0,US-2014-102904,13-11-2016,239.92
Standard Class,0,US-2014-105935,27-01-2016,3002.65
Standard Class,0,US-2014-108315,30-04-2016,225.546
Standard Class,0,US-2014-114356,20-08-2016,35.96
Standard Class,0,US-2014-115252,20-10-2016,30.336
Standard Class,0,US-2014-117450,04-09-2016,107.552
Standard Class,0,US-2014-120390,19-10-2016,1633.188
Standard Class,0,US-2014-126060,14-04-2016,198.272
Standard Class,0,US-2014-126179,03-07-2016,311.96
Standard Class,0,US-2014-128118,24-11-2016,76.521
Standard Class,0,US-2014-129224,17-03-2016,4.608
Standard Class,0,US-2014-132031,23-04-2016,513.496
Standard Class,0,US-2014-132297,27-05-2016,598.31
Standard Class,0,US-2014-132675,24-09-2016,148.16
Standard Class,0,US-2014-134642,26-02-2016,428.704
Standard Class,0,US-2014-135503,10-12-2016,14.76
Standard Class,0,US-2014-135986,20-06-2016,536.36
Standard Class,0,US-2014-136189,07-12-2016,82.38
Standard Class,0,US-2014-146822,09-06-2016,49.12
Standard Class,0,US-2014-146878,21-09-2016,12.294
Standard Class,0,US-2014-149510,03-12-2016,98.446
Standard Class,0,US-2014-152842,16-07-2016,242.352
Standard Class,0,US-2014-152898,11-09-2016,67.9
Standard Class,0,US-2014-156083,04-11-2016,9.664
Standard Class,0,US-2014-165953,01-01-2016,71.096
Standard Class,0,US-2014-166233,03-07-2016,24.0
Standard Class,0,US-2014-166611,28-03-2016,68.742
Standard Class,0,US-2014-168690,08-01-2016,2.808
Standard Class,0,Grand Total,0,227613.5535
